time,angle,gyro
0,0,0.1
3.15544362088405e-30,3.15544362088405e-31,0.1
2.04842930194461e-05,2.04733311240166e-06,0.0998929726226159
0.000122905758116677,1.2251112312332e-05,0.0993578137478095
0.000426589112350628,4.21834064058222e-05,0.0977701950321811
0.000426589112350631,4.21834064058225e-05,0.0977701950321811
0.000426589112350635,4.21834064058229e-05,0.097770195032181
0.000938696437836787,9.15653559155168e-05,0.0950854672381637
0.00145080376332294,0.000139568322848743,0.0923831007836513
0.00247501841429525,0.000231386868467843,0.0868883667455913
0.00452344771623986,0.000397663326221544,0.0752916370184397
0.00862030632012908,0.000652321832055934,0.0478789927040289
0.01,0.000710913508863984,0.0368834856548753
0.0109673335637361,0.000742597890174861,0.0285333299534603
0.0109673335637362,0.000742597890174864,0.0285333299534594
0.0164413084797875,0.000747216072679701,-0.0303266726590147
0.0164413084797877,0.000747216072679694,-0.0303266726590176
0.02,0.000552795474571158,-0.080624628838085
0.0235586915202123,0.000161048033955568,-0.141303289755501
0.025,-6.22939019027022e-05,-0.168903682070011
0.03,-0.00114490758788356,-0.262206940615854
0.04,-0.00454431238231264,-0.407781277354139
0.05,-0.00910231052313645,-0.494561348990463
0.06,-0.0142034148583518,-0.512860687968514
0.07,-0.0191691619480883,-0.473673578719291
0.075,-0.0214621882909478,-0.442715329874831
0.08,-0.0235865180685401,-0.405907266994698
0.0872262054636956,-0.0263003608451184,-0.343917397759532
0.0872262054636965,-0.0263003608451187,-0.343917397759524
0.09,-0.027219109235386,-0.31840655333658
0.0927737945363035,-0.0280660997733589,-0.292189835486011
0.0983213836089106,-0.0295371703891401,-0.237663286230299
0.1,-0.0299217799155754,-0.220525512358403
0.108393081955447,-0.0314108012080853,-0.134461561618442
0.11,-0.0316137165830987,-0.118096635264164
0.118034590222764,-0.0322354023977002,-0.0368016699416577
0.12,-0.0322883119078394,-0.0170475601004512
0.125,-0.0322483495706986,0.0329781973377382
0.13,-0.0319671144800074,0.0779340748557944
0.14,-0.0308359186006257,0.143612789416645
0.15,-0.0291718482946998,0.186064854308224
0.16,-0.027205525583524,0.201539433257667
0.17,-0.0252336738355776,0.189069246824098
0.175,-0.0243207248119923,0.175420279676997
0.18,-0.023487151888552,0.15717168673621
0.19,-0.0221495957697771,0.107859359837966
0.2,-0.0213706777697442,0.0462625345074108
0.21,-0.0212164883612298,-0.0133491835568849
0.22,-0.0216035081877698,-0.062658746201573
0.225,-0.0219721797004897,-0.0845512860282449
0.23,-0.0224421369178759,-0.102355045403893
0.24,-0.0235770697452087,-0.121418660183271
0.25,-0.0248175642146312,-0.124512175053442
0.26,-0.0260218664360265,-0.114003400252951
0.27,-0.0270589279909532,-0.0918208596812166
0.275,-0.0274831673670271,-0.0775786715594075
0.28,-0.0278332181878768,-0.0624250191541467
0.29,-0.0283048329967008,-0.0318396565950512
0.3,-0.0284689313990127,-0.000929678533438776
0.31,-0.0283371538731594,0.0259983026247054
0.32,-0.0279700504580188,0.0465653214684858
0.325,-0.027715343832205,0.0551603353268821
0.33,-0.0274221645824701,0.0615457007876252
0.34,-0.0267778298876543,0.0656391248726643
0.35,-0.0261370131461917,0.0613974749107386
0.36,-0.0255746164748923,0.0497620342748627
0.37,-0.025163458506761,0.0315849163494716
0.375,-0.0250322162751837,0.0207488060617744
0.38,-0.0249556884222302,0.0100638269029292
0.39,-0.0249494097282678,-0.00820497859631864
0.4,-0.0251098285193008,-0.0234700232315193
0.41,-0.0254007917348519,-0.0334234831635853
0.42,-0.0257568883558951,-0.0369193231329419
0.425,-0.0259419217635697,-0.036931334243905
0.43,-0.0261241080040635,-0.0356919181363168
0.44,-0.0264530733758297,-0.0293510051229369
0.45,-0.0266987683360303,-0.0192822252243536
0.46,-0.026835508412962,-0.00818940985886203
0.47,-0.0268645836844256,0.00229166918265
0.475,-0.0268403948761484,0.00736848952501675
0.48,-0.0267919336512895,0.0118329379748839
0.49,-0.0266402881454056,0.0179504943018315
0.5,-0.026441912232773,0.0213566395306614
0.51,-0.0259047119807186,0.085743348182402
0.52,-0.0247326438081471,0.148441282135165
0.525,-0.0239130922945405,0.179336832848557
0.53,-0.0229461874220401,0.206148277039724
0.54,-0.0206955214661675,0.240189856385361
0.55,-0.0182047250543214,0.255427253123172
0.56,-0.0156541368011589,0.250685665298205
0.57,-0.0132567724300499,0.226106187908288
0.575,-0.0121689675353646,0.208521519234101
0.58,-0.0111752381002688,0.188716968339608
0.59,-0.00950175930989537,0.145227475260227
0.6,-0.00828300891379768,0.0980211812510288
0.61,-0.00752841230843533,0.0544794478426635
0.62,-0.00716743381534852,0.0187767172129059
0.625,-0.00711342850652549,0.00302127075214316
0.63,-0.00713214883706268,-0.00972142678588755
0.64,-0.00730808159751436,-0.0231233261819309
0.65,-0.00755615189870911,-0.0249221126708436
0.66,-0.00777525664402213,-0.0173495289360695
0.67,-0.00787770082701465,-0.00210200689666057
0.675,-0.00786450772958115,0.0075705013737367
0.68,-0.00780092420509519,0.0178938033567415
0.69,-0.00751684577879005,0.0390134004909654
0.7,-0.00701915712890217,0.060585253801122
0.71,-0.00631802753169015,0.0784232492105935
0.72,-0.00547068487036311,0.0902300805527857
0.725,-0.00500842557457736,0.0945233076204117
0.73,-0.00452853309030803,0.0969833764587627
0.74,-0.00356192729297165,0.0950003666716229
0.75,-0.00265048143948729,0.0863939539351459
0.76,-0.00184871852606699,0.0733617107911872
0.77,-0.0011930401343849,0.0573751644531902
0.775,-0.000927931517905114,0.0485949159824982
0.78,-0.000706532612900562,0.0401372556152664
0.79,-0.00037906340329135,0.0258700087971945
0.8,-0.000180693167570313,0.0141485461503088
0.81,-8.46229434395311e-05,0.00582277137793485
0.82,-5.17964357870361e-05,0.00125009083849947
0.825,-4.89887374599357e-05,-3.33184772166805e-05
0.83,-5.0363474201709e-05,-0.000265271643407537
0.84,-3.98020829337574e-05,0.00312433472639947
0.85,2.43884959253334e-05,0.0102139703267151
0.86,0.000170198830370548,0.0190571838990876
0.87,0.000407324133062445,0.0284409695627998
0.875,0.00056158602176716,0.0332772740331802
0.88,0.000738673150861946,0.0372744702226134
0.89,0.00113389265536101,0.0409284235336889
0.9,0.00154343270125757,0.0404166418009917
0.91,0.00193361660440234,0.0373008013661282
0.92,0.00228420799139275,0.0326039614408802
0.925,0.00244040133482789,0.0298340625085548
0.93,0.00258220536467258,0.0268577992340311
0.94,0.00281918409776051,0.0204498261083559
0.95,0.00298975841121944,0.0136063635039496
0.96,0.00309512347468736,0.00786009034285388
0.97,0.00315342528890179,0.00406408041689659
0.975,0.0031701822737221,0.00268742787508638
0.98,0.00318055419656946,0.00146572267088941
0.99,0.00318326641388462,-0.000910108658748489
1,0.00316257030092985,-0.0032201156540557
1.01,0.00312420841400566,-0.0043826181692567
1.02,0.00307606398925218,-0.00519941668460771
1.025,0.00304925599016262,-0.00551510146236743
1.03,0.00302154634673986,-0.00545608455958828
1.04,0.0029745415073158,-0.00360989487432513
1.05,0.00295485245444749,-0.00010335409219101
1.06,0.00297729102726955,0.00484372622985996
1.07,0.00305587814176927,0.0110430570833743
1.075,0.00311960107402069,0.0144773794541521
1.08,0.00320023402372262,0.0176679902715091
1.09,0.00340215627049202,0.0223961159484086
1.1,0.00364289562952684,0.0255372574949542
1.11,0.00390567754201643,0.0265400964575026
1.12,0.00416583092630811,0.0251698308059569
1.125,0.00428853131950178,0.0238511860032673
1.13,0.0044037206134195,0.0221596433057491
1.14,0.00460439193909218,0.01778195006721
1.15,0.004756197409477,0.0124503059664425
1.16,0.00485412064103231,0.00730527981182301
1.17,0.00490511348694306,0.00300805241655489
1.175,0.0049152964661397,0.0010863598229725
1.18,0.00491603919060986,-0.000796650382888834
1.19,0.00488878776666214,-0.00467539302700236
1.2,0.00482217638476695,-0.00866123324848769
1.21,0.00471981875473746,-0.0114129086354331
1.22,0.00460044784298174,-0.0121948447126841
1.225,0.00453968949269289,-0.0120593022109514
1.23,0.00448087177259341,-0.0113187740334953
1.24,0.00438430143234049,-0.00755231624444569
1.25,0.00433710296846798,-0.00159049738546794
1.26,0.00435403107750038,0.00487263022629008
1.27,0.00443285650346608,0.0108232004249762
1.275,0.00449410074390977,0.013661734448835
1.28,0.00456855509495231,0.0159567201113847
1.29,0.00474097924789637,0.0180429067636094
1.3,0.00492144486205147,0.0177253018657129
1.31,0.00508886534749734,0.0154248711398364
1.32,0.00522445947248862,0.0114704477685252
1.325,0.00527586822615888,0.00905186001799619
1.33,0.005314873887682,0.00656784846273477
1.34,0.00535679202536884,0.00186780697980924
1.35,0.00535308715510409,-0.002573692722108
1.36,0.00531260463837119,-0.0048912471784111
1.37,0.00526563839340144,-0.0040786930322056
1.375,0.00524815635073921,-0.00283599023363473
1.38,0.00523730172307149,-0.00157212986664549
1.39,0.00523012339176553,-6.038735286727e-05
1.4,0.00523286208654896,0.000476392951267241
1.41,0.00523752421022556,0.000371116174468125
1.42,0.00523889139945051,-0.000154399839780035
1.425,0.0052372087915508,-0.00052907457148387
1.43,0.00523358333389365,-0.000914966606552326
1.44,0.00522095550013525,-0.00159220953327086
1.45,0.00520204311327124,-0.00217777300345778
1.46,0.00518238521840386,-0.00131228657335454
1.47,0.00518305141477026,0.00174147084603674
1.475,0.00519690133748307,0.00385312627897357
1.48,0.00522120379608095,0.00574633527245184
1.49,0.00529008800524231,0.00766942813361886
1.5,0.00536866280381678,0.0078037686198341
1.51,0.00527846231815425,-0.0262254014768113
1.52,0.00483788974879286,-0.0621445288994015
1.525,0.00448112483569156,-0.0806085196139336
1.53,0.00403497799950947,-0.0972037302575029
1.54,0.00293695274453313,-0.120479786269295
1.55,0.0016569457304279,-0.134234265532393
1.56,0.000291012715435609,-0.136495111280807
1.57,-0.00103259794940874,-0.126581162922583
1.575,-0.00164574229484091,-0.118372998911996
1.58,-0.00221366099884634,-0.108561639407195
1.59,-0.00318677409800165,-0.0853694166272952
1.6,-0.0039096964899773,-0.0587523758013305
1.61,-0.00436529332084619,-0.0330603273907233
1.62,-0.0045822988978765,-0.0108059401596962
1.625,-0.00461059442152251,-0.000598212552126134
1.63,-0.00459101436605319,0.00798785075870665
1.64,-0.00445262517907725,0.0183747448070615
1.65,-0.00424512862323761,0.0222429710466491
1.66,-0.00402797977612769,0.0200766653887921
1.67,-0.00386183323964542,0.0124086497547457
1.675,-0.00381270674153454,0.00710464138736938
1.68,-0.00379163371441068,0.00128763982758577
1.69,-0.00383921092464966,-0.0109129343980716
1.7,-0.00401169809146551,-0.0236582098035287
1.71,-0.00430631181144152,-0.034654761747364
1.72,-0.0046947787044079,-0.0426302404751238
1.725,-0.00491607091253505,-0.0458113296479743
1.73,-0.00515069035867716,-0.0476856321512858
1.74,-0.0056246054220341,-0.046054945992866
1.75,-0.00605466986376748,-0.0392598992248384
1.76,-0.00640456642012326,-0.0308162264158092
1.77,-0.00667258905947316,-0.0228535677185051
1.775,-0.00677719645570042,-0.019001512177789
1.78,-0.00686323549463437,-0.0155232717308381
1.79,-0.00699043651448083,-0.0102416862672862
1.8,-0.00707340755510979,-0.00657045181268891
1.81,-0.00712708557153979,-0.00446161154823833
1.82,-0.00716751288281635,-0.00382278082027018
1.825,-0.00718671948751235,-0.00389662423241971
1.83,-0.00720664120022235,-0.0040696421035494
1.84,-0.00724892005088405,-0.00437916141491121
1.85,-0.00729411309034443,-0.00465506514579927
1.86,-0.00734493877601222,-0.00577803249437681
1.87,-0.00741407821936572,-0.00822964853203656
1.875,-0.00745909645896112,-0.0098108710000059
1.88,-0.00751226134903057,-0.0114391883593343
1.89,-0.00764195527042389,-0.014452542098209
1.9,-0.00780054199007032,-0.0172335281880458
1.91,-0.00798229882669067,-0.0187513424268621
1.92,-0.00816955177267102,-0.0184539914004564
1.925,-0.00826035231541357,-0.0178210340960782
1.93,-0.00834704527131629,-0.0167606253960265
1.94,-0.00849814469426502,-0.0131756197698592
1.95,-0.00860590241276707,-0.00818625227512422
1.96,-0.00866099399249869,-0.00290796452691402
1.97,-0.00866531246432121,0.00199304989890433
1.975,-0.00864945087992099,0.00434206065505091
1.98,-0.00862269632655965,0.00621529167387048
1.99,-0.0085507436908977,0.00774559765286715
2,-0.00847484501112087,0.00714598974266282
2.01,-0.00821765119751551,0.0437585222336623
2.02,-0.00760845281161135,0.077722992061212
2.025,-0.007178986371558,0.0939974590729637
2.03,-0.00667201931542408,0.108175343469727
2.04,-0.00548644377555571,0.127114787463553
2.05,-0.00415970019094925,0.13701133612937
2.06,-0.0027815842508173,0.136407735161769
2.07,-0.00146774599016541,0.124883669413999
2.075,-0.000864342240265068,0.116205553127263
2.08,-0.000307658414043991,0.106339827819162
2.09,0.000649164518513143,0.0846443377412446
2.1,0.00137898598679488,0.0610656882036841
2.11,0.00187906523731326,0.0399364330398101
2.12,0.00219392151834244,0.0236961565431113
2.125,0.00229506407514972,0.016882987907793
2.13,0.00236452317190629,0.0111273199833252
2.14,0.00243225414025338,0.00309288831922628
2.15,0.00243745650433446,-0.00160047530958423
2.16,0.00241191001218542,-0.00282165936981332
2.17,0.00239231379703866,-0.000636933090848725
2.175,0.00239392311698554,0.00136570210364384
2.18,0.00240694015123849,0.00394862942969258
2.19,0.00247890321792414,0.0107636844388077
2.2,0.00262746711893591,0.019163451242586
2.21,0.00286188281564001,0.0275180076166656
2.22,0.00317451616888251,0.0348737049609891
2.225,0.00335747527025243,0.0382850685620028
2.23,0.00355651068289701,0.0411886718893444
2.24,0.00398875424336559,0.0448428478246641
2.25,0.0044465173045416,0.046430495447897
2.26,0.00490825290859092,0.0453195874725516
2.27,0.00534310536757758,0.0412512211157664
2.275,0.00554248685069316,0.038427694502303
2.28,0.00572651088253364,0.0350827506795016
2.29,0.00603776117562923,0.0268728697415191
2.3,0.00625913610843913,0.0172052533660506
2.31,0.00638412903561542,0.00815952688252363
2.32,0.0064283460950019,0.000929615562355086
2.325,0.00642505770702931,-0.00219955730606282
2.33,0.00640761100949205,-0.0045803464381244
2.34,0.00635028919465532,-0.00629298194085366
2.35,0.00629146291030395,-0.00507601835593891
2.36,0.00625862988617173,-0.000921348500692489
2.37,0.00628238852972631,0.00605464663590631
2.375,0.00632309061741169,0.0102966249000115
2.38,0.00638499201322822,0.0143311761990493
2.39,0.00656044385999875,0.0203647635102773
2.4,0.00678581048841267,0.0244445098204137
2.41,0.00704268922599853,0.0265452420225474
2.42,0.00731037768577914,0.0267341046841095
2.425,0.00744312790771506,0.0263183722080879
2.43,0.00757253625414831,0.0252929640187303
2.44,0.00780581766941603,0.0209118090870832
2.45,0.00798335969793802,0.0142944563828738
2.46,0.00809627319405037,0.0089493559461081
2.47,0.00817321005498615,0.0068812756723868
2.475,0.00820701663618148,0.00672320152333912
2.48,0.00824092183241704,0.0068561250008718
2.49,0.00831188019788118,0.00738702141503089
2.5,0.00838951066517603,0.00817382460676634
2.51,0.00873233008097889,0.0603622803095797
2.52,0.00959630286850809,0.112413933522661
2.525,0.0102233553879763,0.138403742967977
2.53,0.0109753789720186,0.161464614889151
2.54,0.0127624652180042,0.193156280898251
2.55,0.0147925809945606,0.210994302927298
2.56,0.0169264855546612,0.212257193760896
2.57,0.0189797697040111,0.196036795969303
2.575,0.0199291005696203,0.183259918430277
2.58,0.0208086688222175,0.168257415727203
2.59,0.0223220671511141,0.13350226010552
2.6,0.0234636198438685,0.0941935481112613
2.61,0.0242138688629266,0.0570781537867135
2.62,0.0246252718569758,0.0260226990240167
2.625,0.0247202413754236,0.0121167529461833
2.63,0.0247507109777202,0.000746766112362107
2.64,0.0246862574630045,-0.0116279647037348
2.65,0.0245511750944724,-0.0140408771297464
2.66,0.0244384333623878,-0.00662072504549038
2.67,0.0244497635695406,0.0101518012946257
2.675,0.0245271541139496,0.0210379882562699
2.68,0.0246601076836571,0.0319253156628845
2.69,0.0250747554676646,0.0503565702544322
2.7,0.0256566092157746,0.0655810821837301
2.71,0.0263684747909788,0.0755243272456387
2.72,0.0271462834439697,0.0791891157088081
2.725,0.0275430132363053,0.0793464962374754
2.73,0.0279374282838395,0.0781194399314187
2.74,0.0286878098569016,0.0710659559405748
2.75,0.0293441266201108,0.0596017643643874
2.76,0.0298742083780864,0.0463913569494704
2.77,0.0302715858817163,0.0330698468035229
2.775,0.0304202212178643,0.0263819017669606
2.78,0.0305364444661961,0.020307380668825
2.79,0.0306911429906738,0.0112276656628098
2.8,0.0307707899581204,0.00510178213762903
2.81,0.0308039330562008,0.00217394056225299
2.82,0.0308249102193764,0.00245613447163603
2.825,0.0308394915662464,0.0034568113232256
2.83,0.030859929752296,0.00473161963899559
2.84,0.0309208137818073,0.00748510108089914
2.85,0.0310102987116221,0.0104396695280039
2.86,0.031133686872122,0.0145849292498869
2.87,0.0313077076104828,0.0204526868961169
2.875,0.0314183527433426,0.0238486408678192
2.88,0.0315453570057169,0.0267546391114325
2.89,0.0318297043127687,0.0295259327398137
2.9,0.0321262145359203,0.0293826908745731
2.91,0.0324097044586517,0.0269437904551289
2.92,0.0326590007474139,0.0226677534171678
2.925,0.032765887149182,0.0200413395428201
2.93,0.0328592060538937,0.017287761991403
2.94,0.0330046505327338,0.0118066471072793
2.95,0.0330954426166891,0.00635667005973739
2.96,0.0331377061392903,0.00262869763944549
2.97,0.0331567787736551,0.00154385481901017
2.975,0.0331647469521037,0.00170969989692576
2.98,0.0331745470551693,0.00227811424730688
2.99,0.0332072086067914,0.00445647968738623
3,0.0332670111831426,0.0076406473572619
3.01,0.0331908544043228,-0.0228332357367291
3.02,0.0328110027602902,-0.0531092746052027
3.025,0.0325077390254846,-0.0681906886486454
3.03,0.0321318050638711,-0.0816723720096501
3.04,0.0312118327862343,-0.100803553132165
3.05,0.0301406929599309,-0.112405639458631
3.06,0.0289918318030926,-0.115653199072911
3.07,0.0278557808880629,-0.110408390233139
3.075,0.0273154391002067,-0.105516275526044
3.08,0.0268028653411251,-0.0992774541632708
3.09,0.0258870560913296,-0.0831833353984405
3.1,0.0251507188160534,-0.0636140121378049
3.11,0.0246158211424695,-0.0436553932004008
3.12,0.0242728616885371,-0.0251295701286593
3.125,0.0241695083965903,-0.0162471413091175
3.13,0.0241084057894952,-0.00853945448778466
3.14,0.0240787441193487,0.001582189548541
3.15,0.0241232426870824,0.00663350201606787
3.16,0.0241931639696155,0.00625717395772423
3.17,0.0242304613924243,0.000473190441914352
3.175,0.0242223380701429,-0.00385635300026995
3.18,0.024191386369933,-0.00850060090185879
3.19,0.0240614215339483,-0.0174197075888581
3.2,0.023844215869407,-0.0259699508242621
3.21,0.023545933624538,-0.0333742821198897
3.22,0.0231818850642764,-0.0392238076520656
3.225,0.0229794056586325,-0.0417284126555293
3.23,0.0227655327638679,-0.0436792215392159
3.24,0.0223179924957955,-0.0454067369201783
3.25,0.0218643525200391,-0.0450365022540277
3.26,0.0214264504619301,-0.0419445492158448
3.27,0.0210353215518931,-0.0358782873320314
3.275,0.0208653195489987,-0.0320478760293383
3.28,0.0207147863770422,-0.0282436173202795
3.29,0.0204655723955617,-0.0218297793193974
3.3,0.0202744287701249,-0.0165510655844113
3.31,0.0201354339638083,-0.0110429574262699
3.32,0.0200569777015018,-0.00450702150980726
3.325,0.0200432519257664,-0.000956349987213858
3.33,0.0200466008705143,0.00211690586967519
3.34,0.0200874855577235,0.00553427532491971
3.35,0.020148742874341,0.00637366671942602
3.36,0.0202093040806164,0.00550767361636506
3.37,0.0202552109548261,0.00352907165137188
3.375,0.0202697520015555,0.00226275968915821
3.38,0.0202773102089254,0.000682310964513452
3.39,0.0202635735958047,-0.00365202837032584
3.4,0.0202007598808241,-0.00904634837936819
3.41,0.020087992042932,-0.0129131122808058
3.42,0.0199523494639411,-0.0138085916509432
3.425,0.0198840236025384,-0.0134448081574816
3.43,0.0198186361659162,-0.012639940971573
3.44,0.0197046891101033,-0.00993280254305317
3.45,0.0196236541766496,-0.0061182675375115
3.46,0.0195842070049839,-0.00172756817079495
3.47,0.0195899542671542,0.00291881281638619
3.475,0.0196105637454052,0.0053352477433566
3.48,0.0196427030593082,0.00739657043995099
3.49,0.0197297433710909,0.0096583620674443
3.5,0.0198302776621917,0.0102310798960884
3.51,0.0197786535672156,-0.0210715732984114
3.52,0.0194006381782475,-0.0548528490731216
3.525,0.0190827460720876,-0.0723585702773568
3.53,0.0186796709714165,-0.0883250076912194
3.54,0.0176704845969541,-0.111894184164602
3.55,0.0164683083385364,-0.127461724259307
3.56,0.015157361953803,-0.132346027987739
3.57,0.0138602227826359,-0.125511556706202
3.575,0.0132482040094777,-0.119010559391848
3.58,0.0126726554188864,-0.110984048761449
3.59,0.0116568645685962,-0.0915199185384855
3.6,0.0108528213524272,-0.0688669144579401
3.61,0.0102806746407581,-0.0458017916898563
3.62,0.00993276097838503,-0.0239500676984899
3.625,0.00983955316783756,-0.0133661462009424
3.63,0.00979707323031811,-0.00398041121382947
3.64,0.00982932325026905,0.00939079621221772
3.65,0.00996799190787825,0.0176626187672797
3.66,0.010161698796537,0.0197514166951351
3.67,0.0103416370919008,0.0153851054895175
3.675,0.0104093503828957,0.0115502342532341
3.68,0.010455952327028,0.00700022152450904
3.69,0.0104750560822774,-0.00342479951950265
3.7,0.0103837405314978,-0.0149738174935998
3.71,0.0101778039310488,-0.0259047988215031
3.72,0.00987086684251708,-0.0352615222722932
3.725,0.00968387731451588,-0.0394904590568347
3.73,0.00947747711950776,-0.0428222229454721
3.74,0.00903113034091564,-0.0457237675911647
3.75,0.00857475323248718,-0.0450782773004744
3.76,0.00813805773166137,-0.04187927113006
3.77,0.00774333546774376,-0.0368182821339972
3.775,0.00756666440976289,-0.0338059712472249
3.7791808448337,0.00743086095370104,-0.0311482335064238
3.77918084483373,0.00743086095370016,-0.0311482335064055
3.78,0.0074055617207272,-0.0306204951293951
3.78081915516627,0.00738069565526475,-0.0300906503872299
3.78245746549881,0.0073322697459546,-0.0290249371572732
3.7857340861639,0.0072406866025636,-0.0268713453842403
3.79,0.00713210442307457,-0.0240288037292366
3.8,0.00692566391752433,-0.0172323268157607
3.81,0.00678745875081081,-0.0104300934313264
3.82,0.00671672172891878,-0.00373066326809719
3.825,0.00670638427337828,-0.000406615835418587
3.83,0.0067118429173258,0.00243863598823286
3.84,0.00675550264134924,0.00586539050310668
3.85,0.0068223921460294,0.00724987347324382
3.86,0.00689147660270251,0.00597091286733183
3.87,0.00693245130989891,0.00186312928155808
3.875,0.00693507011498252,-0.000875599801631412
3.88,0.006923456653946,-0.00376133635914906
3.89,0.00685762058537021,-0.00936684389257686
3.9,0.00673694415902186,-0.0147257173274562
3.91,0.00656609518908562,-0.0192099716190637
3.92,0.00635668884875814,-0.0225050840112733
3.925,0.00624080486433986,-0.02381580225825
3.93,0.006119287614637,-0.0246772802692153
3.94,0.00587090465540389,-0.0246645628528278
3.95,0.00563146656948324,-0.0230009365610223
3.96,0.00541488987572278,-0.0201336087559827
3.97,0.00523175425428459,-0.0163730372002334
3.975,0.00515512950748314,-0.0142545744818776
3.98,0.00508891595765045,-0.0123058841358356
3.99,0.00498083716035045,-0.00951670028238736
4,0.0048953909997857,-0.00769247760233361
4.01,0.00456446770508698,-0.0585177655696183
4.02,0.00372476166913672,-0.109427209976115
4.025,0.00311399247060225,-0.134878604230648
4.03,0.00238029270924291,-0.157789346134917
4.04,0.000622305449858108,-0.191538847163951
4.05,-0.001414988186468,-0.2145585797549
4.06,-0.00364505121377404,-0.230415217322724
4.07,-0.00600779594796552,-0.241579291010248
4.075,-0.00722737365315394,-0.246175349265329
4.08,-0.00846894649528515,-0.250408255203917
4.09,-0.0110132867172537,-0.258416972945331
4.1,-0.0136378240880938,-0.266575337261717
4.11,-0.0163473756500897,-0.275500738207836
4.12,-0.0191517106471736,-0.285582756123316
4.125,-0.0205933600961146,-0.291137421343254
4.13,-0.0220637045907712,-0.297063768513385
4.14,-0.0250981468903864,-0.310091020087469
4.15,-0.0282709694124434,-0.324750268630103
4.16,-0.0315987482639146,-0.341087455326895
4.17,-0.0350983805206288,-0.359122680662641
4.175,-0.0369179564340386,-0.36877855749994
4.18,-0.0387868740600681,-0.378859194592876
4.19,-0.0426812100990981,-0.400289172254284
4.19294588403569,-0.0438701511685871,-0.406923043444578
4.19294588403575,-0.0438701511686102,-0.406923043444707
4.2,-0.0467982522883484,-0.423397423509043
4.20705411596425,-0.0498454805087418,-0.440696949391528
4.21,-0.0511546858990049,-0.44816376416663
4.22,-0.0557669759610538,-0.474564539073955
4.225,-0.0581741448396778,-0.488369743931303
4.23,-0.0606513378075745,-0.502573589685142
4.24,-0.065823715359881,-0.532162872505332
4.25,-0.0712997643856299,-0.563302852393227
4.26,-0.0770948389263897,-0.595962751793998
4.27,-0.0832239797221211,-0.630110708599276
4.275,-0.0864184369735186,-0.647732480402145
4.28,-0.0897019039018555,-0.665713875762117
4.29,-0.0965429954721559,-0.702738483978139
4.3,-0.103761296306132,-0.74114988101605
4.31,-0.111370497446865,-0.78091255628215
4.32,-0.119383930606259,-0.82199015611683
4.325,-0.123546300034476,-0.843010464116078
4.33,-0.127814559785543,-0.864345493269516
4.34,-0.136674972970925,-0.907940552737887
4.34999999999994,-0.145977373875363,-0.952736495344395
4.35,-0.145977373875417,-0.952736495344653
4.36,-0.155504738828864,-0.952736495344653
4.37,-0.16503210378231,-0.952736495344653
4.375,-0.169795786259033,-0.952736495344653
4.38,-0.174559468735756,-0.952736495344653
4.39,-0.184086833689203,-0.952736495344653
4.4,-0.19361419864265,-0.952736495344653
4.41,-0.203141563596096,-0.952736495344653
4.42,-0.212668928549542,-0.952736495344653
4.425,-0.217432611026266,-0.952736495344653
4.43,-0.222196293502989,-0.952736495344653
4.44,-0.231723658456436,-0.952736495344653
4.45,-0.241251023409882,-0.952736495344653
4.46,-0.250778388363329,-0.952736495344653
4.47,-0.260305753316775,-0.952736495344653
4.475,-0.265069435793499,-0.952736495344653
4.48,-0.269833118270222,-0.952736495344653
4.49,-0.279360483223668,-0.952736495344653
4.5,-0.288887848177115,-0.952736495344653
4.51,-0.298415213130561,-0.952736495344653
4.52,-0.307942578084008,-0.952736495344653
4.525,-0.312706260560731,-0.952736495344653
4.53,-0.317469943037454,-0.952736495344653
4.54,-0.326997307990901,-0.952736495344653
4.55,-0.336524672944347,-0.952736495344653
4.56,-0.346052037897794,-0.952736495344653
4.57,-0.355579402851241,-0.952736495344653
4.575,-0.360343085327964,-0.952736495344653
4.58,-0.365106767804687,-0.952736495344653
4.59,-0.374634132758133,-0.952736495344653
4.6,-0.38416149771158,-0.952736495344653
4.61,-0.393688862665027,-0.952736495344653
4.62,-0.403216227618473,-0.952736495344653
4.625,-0.407979910095196,-0.952736495344653
4.63,-0.412743592571919,-0.952736495344653
4.64,-0.422270957525366,-0.952736495344653
4.65,-0.431798322478813,-0.952736495344653
4.66,-0.441325687432259,-0.952736495344653
4.67,-0.450853052385705,-0.952736495344653
4.675,-0.455616734862428,-0.952736495344653
4.68,-0.460380417339152,-0.952736495344653
4.69,-0.469907782292599,-0.952736495344653
4.7,-0.479435147246045,-0.952736495344653
4.71,-0.488962512199491,-0.952736495344653
4.72,-0.498489877152938,-0.952736495344653
4.725,-0.503253559629662,-0.952736495344653
4.73,-0.508017242106385,-0.952736495344653
4.74,-0.517544607059831,-0.952736495344653
4.75,-0.527071972013278,-0.952736495344653
4.76,-0.536599336966724,-0.952736495344653
4.77,-0.546126701920171,-0.952736495344653
4.775,-0.550890384396894,-0.952736495344653
4.78,-0.555654066873618,-0.952736495344653
4.79,-0.565181431827064,-0.952736495344653
4.8,-0.57470879678051,-0.952736495344653
4.81,-0.584236161733957,-0.952736495344653
4.82,-0.593763526687404,-0.952736495344653
4.825,-0.598527209164127,-0.952736495344653
4.83,-0.60329089164085,-0.952736495344653
4.84,-0.612818256594296,-0.952736495344653
4.85,-0.622345621547744,-0.952736495344653
4.86,-0.63187298650119,-0.952736495344653
4.87,-0.641400351454636,-0.952736495344653
4.875,-0.646164033931359,-0.952736495344653
4.88,-0.650927716408083,-0.952736495344653
4.89,-0.660455081361529,-0.952736495344653
4.9,-0.669982446314976,-0.952736495344653
4.91,-0.679509811268422,-0.952736495344653
4.92,-0.689037176221869,-0.952736495344653
4.925,-0.693800858698592,-0.952736495344653
4.93,-0.698564541175315,-0.952736495344653
4.94,-0.708091906128762,-0.952736495344653
4.95,-0.717619271082209,-0.952736495344653
4.96,-0.727146636035655,-0.952736495344653
4.97,-0.736674000989101,-0.952736495344653
4.975,-0.741437683465825,-0.952736495344653
4.98,-0.746201365942548,-0.952736495344653
4.99,-0.755728730895995,-0.952736495344653
4.99999999999994,-0.765256095849387,-0.952736495344653
5,-0.765256095849441,-0.952736495344653
